Samplename,Label,Dimethylglycine,Glyoxylic acid,Ethanolamine,Pyruvic acid,L-Lactic acid,Alpha-Hydroxyisobutyric acid,Glycolic acid,Caproic acid,L-Alanine,Glycine,Hydroxylamine,2-Hydroxybutyric acid,Acetoacetic acid,Hydroxypropionic acid,Pyruvic acid.1,3-Hydroxybutyric acid,S-3-Hydroxyisobutyric acid,D-Alpha-aminobutyric acid,Beta-Alanine,Acetoacetic acid.1,L-Valine,ITSD_Valine,Glyceraldehyde,Urea,Acetoacetic acid.2,Dihydroxyacetone,Benzoic acid,N-Acetyl-L-alanine,Caprylic acid,Glycerol,Ethanolamine.1,L-Leucine,Acetylglycine,Ethylmalonic acid,L-Isoleucine,Gamma-Aminobutyric acid,Nicotinic acid,Maleic acid,L-Proline,Phenylacetic acid,Succinic acid,Glycine.1,Methylsuccinic acid,Glyceric acid,Pyrocatechol,Fumaric acid,Uracil,Itaconic acid,Pelargonic acid,L-Serine,Acetylglycine.1,L-Threonine,Isobutyrylglycine,Mesaconic acid,O-Acetylserine,Glutaric acid,Hydroquinone,Beta-Alanine.1,Capric acid,Citramalic acid,Malic acid,Niacinamide,Dihydrouracil,N-Acetylserine,L-Aspartic acid,L-Methionine,4-Hydroxyproline,Pyroglutamic acid,Oxalacetic acid,"1,2,3-Trihydroxybenzene",L-Cysteine,L-2-Hydroxyglutaric acid,Creatinine,Oxoglutaric acid,O-Phosphoethanolamine,Oxoglutaric acid.1,Ornithine,L-Glutamic acid,3-aminoglutaric acid,Hypotaurine,Triethanolamine,Cadaverine,4-Hydroxybenzoic acid,"2,3-Dihydroxybutanedioic acid",L-Phenylalanine,p-Hydroxyphenylacetic acid,Dodecanoic acid,D-Xylose,Lyxose,D-Arabinose,Homocysteine,L-Asparagine,D-Ribose,3-Sulfinoalanine,N-Acetyl-L-methionine,Levoglucosan,Beta-Glycerophosphoric acid,D-Arabitol,Ribitol,2-Deoxyglucose,Putrescine,Glycerol 3-phosphate,L-Glutamine,Azelaic acid,O-Phosphoethanolamine.1,3-Phosphoglyceric acid,Isocitric acid,Citric acid,L-Arginine,Ornithine.1,"N,N'-Diacetyl-L-cystine-2TMS (putative)",Glycyl-glycine,Dopamine,Myristic acid,D-Tagatose,Psicose,D-Fructose,L-Sorbose,Adenine,Pyridoxal,Allose,L-Sorbose.1,D-Glucose,D-Erythrose 4-phosphate,N-Acetylglutamine,L-Lysine,Tyramine,D-Galactose,D-Glucose.1,1-Hexadecanol,L-Tyrosine,Sorbitol,ITSD_Sorbitol,D-Glucuronic acid,Galacturonic acid,Pantothenic acid,Palmitoleic acid,Gluconic acid,Palmitic acid,p-Octopamine,Glucaric acid,N-Acetyl-D-glucosamine,D-Ribose 5-phosphate,myo-Inositol,N-Acetylmannosamine,D-Ribulose 5-phosphate,D-Ribose 5-phosphate.1,Heptadecanoic acid,Glutathione-nTMS,Linoleic acid,Oleic acid,Elaidic acid,Stearic acid,Spermidine,Glucose 6-phosphate,Arachidonic acid,Glucose 6-phosphate.1,Inositol phosphate,Stigmasterol,Docosahexaenoic acid,Inosine,D-Sedoheptulose 7-phosphate,Guanosine,Spermine,5'-Methylthioadenosine,Turanose,Lactitol,Fendiline,Cholesterol,Lathosterol,7b-Hydroxycholesterol
sample1,group1,0.806725611,1.053099099,-0.952436828,1.227049944,3.909801047,-3.822937826,1.912977295,0.579742855,5.553102691,5.608785209,4.271542649,-3.823112426,0.241373094,-0.423151804,-0.601395747,3.041292772,0.693084438,-3.344762206,0.738704026,-3.084425034,6.549038293,6.579533902,-0.967757005,4.064616439,-3.166708699,-2.958705228,1.857129793,-1.242356424,-0.309283003,3.725757733,1.731544529,6.591579669,-2.186283381,-4.375416767,6.398145757,-0.555593617,0.113844998,-1.027487379,6.655421009,-2.152506245,1.144511313,6.612048825,-5.14617591,0.949320907,-4.665938469,0.849861746,-0.450021685,-3.135150769,2.12661311,5.322770448,0.486168016,5.992985152,-3.599033086,-3.978825921,0.048187721,-1.052481889,-2.354887161,0.497097631,0.358271869,-4.212326563,-0.258454883,6.657967863,-3.710193963,-1.320362179,5.994847547,0.748696885,5.815283973,6.849278993,-5.698668353,-3.7029998,4.681424403,-1.344803988,-1.001600551,-1.429484635,4.519232782,-5.610640287,2.364537817,-3.476886345,-1.223451027,3.660357659,-3.416758812,1.355172865,-4.636284869,-4.856735499,5.67951747,-4.165084783,-1.183637478,-2.705545871,-2.674970494,-3.826433857,-1.557492704,2.523302504,-1.261877684,0.103674054,-3.743349562,0.279269019,0.171709069,-2.225036274,-1.57423253,-0.895162976,-0.946195545,3.63721941,5.804271042,-2.930654579,0.849526308,-3.937159511,-3.002358241,1.893278375,1.006722229,2.239432407,-3.645364111,-6.044825848,-1.983241615,0.865210471,-2.353184221,-5.32204731,1.221911208,1.20767745,2.80E-11,-2.049363578,1.713754589,1.09097743,6.225535139,-5.374819395,1.754058875,3.055195334,5.259809159,4.824608541,4.762191217,-2.48591133,6.029886062,1.26323041,3.077833034,-4.021865171,-3.22703713,1.663174722,-0.304186375,2.786599878,4.84169841,-2.35956481,-4.706485012,3.289598719,0.965769777,6.125630365,3.254319131,-3.137030691,-1.221685288,-0.725159797,0.479473541,0.266792896,3.051458704,1.586702302,5.349174655,-0.38985988,-1.857927537,1.87154684,-3.260300707,2.983070665,-2.23027516,-2.569293881,-0.181807819,-5.877618324,0.373823329,-3.089806666,-1.698561645,-2.488816829,-0.701340581,-2.632888474,3.065218421,-5.251423001,-6.177531968
sample2,group1,0.627391198,0.893613657,-0.478427522,1.160006432,3.33731746,-3.135073559,2.692523805,2.048844572,5.180334157,5.562747973,2.120419769,-3.066191867,-1.087628657,0.317288612,-1.152104847,2.713093988,0.218461635,-4.087451733,0.878517456,-3.280595606,6.793459049,6.97847761,-0.310540156,4.420455129,-3.055032358,-1.376764431,2.237288758,-1.483648593,0.247138906,4.077916338,0.609878359,6.897618121,-2.297385041,-3.414554727,6.619942433,-0.855959783,0.881147443,-1.988133087,6.849283625,-1.028478801,1.671049701,6.031601749,-5.15971036,1.494982737,-4.511227219,0.215333816,-0.576195217,-3.151204729,2.201509584,5.479316959,0.646318953,5.877873744,-4.190691998,-4.142258814,-0.838715037,-1.540053332,-2.313489073,-2.413785592,0.50271808,-4.14520189,-1.176647817,7.167141111,-4.038932163,-1.818234997,6.119494888,-0.299740028,5.57429281,7.194405911,-6.992079275,-3.79624783,4.3504344,-0.873443657,-0.298524511,-2.259501165,3.974234341,-5.798639959,2.257294941,-3.853019504,-1.473302325,1.312992729,-4.673830158,-0.774999059,-3.711213544,-3.71186791,5.093579018,-3.477700856,-0.939477085,-1.871340462,-2.019405075,-2.02167943,-1.278264911,1.977613326,0.679735945,-0.494147764,-6.003428306,1.402328375,1.379845142,0.202175488,1.192285671,1.944533698,-3.038476096,4.918832735,5.876105975,-2.450780183,-2.396996716,-3.949185041,-2.905864209,1.929453807,1.503280068,0.407603578,-3.185280027,-6.57316139,-3.829316076,1.260115392,-1.4435163,-4.32495601,3.07229687,3.01621856,-0.171831993,-0.237506266,6.350969872,3.078965627,6.96370122,-4.206999569,3.512470341,1.404841585,3.700618588,6.373647248,6.354999997,-2.113297714,6.222427009,4.804821303,3.700448683,-3.214604625,-2.067703409,1.336439164,-0.197682958,6.719882384,5.49041172,-4.346698271,-3.985383434,3.794525912,1.372138547,6.535355752,3.760892218,-2.785914427,-0.898810265,-0.222062234,-0.975069595,0.308083445,3.208479087,1.712435346,6.013671959,0.157025417,0.706681049,2.414913313,-2.143656035,2.235494966,-2.081637404,-2.360569502,-1.551249191,-4.412189449,1.876126103,-2.048726844,-0.984449754,-1.724852833,2.80E-11,-2.890678894,2.539290275,-5.326291392,-6.031833682
sample3,group1,0.886920945,1.179501767,-1.089825506,1.451678001,3.241068914,-3.421633733,2.217526996,0.880521126,5.679355388,6.46558306,3.464488417,-3.712966457,0.283405371,2.80E-11,-0.340711584,3.027944328,0.689206504,-3.223027067,0.46819017,-2.864711576,6.961313332,6.981954958,-0.760583021,4.190262321,-3.007945816,-2.765691905,1.996436176,-1.564812517,-0.004916586,4.076618509,0.560729961,7.030359047,-2.051117057,-3.997346353,6.824365954,-0.26926084,0.417315503,-1.467783671,6.975697528,-2.234361097,1.425366761,6.625050668,-5.408118741,1.369697122,-4.670777281,0.271063271,-0.619761255,-3.582286764,1.587279178,5.604140059,0.739190559,6.345774655,-3.278647811,-4.409646871,0.067398137,-2.290808192,-2.435785366,-2.09751341,0.337764073,-4.684371681,-1.234269967,7.104174144,-2.952922782,-1.769856238,6.387322771,1.183551563,5.923541196,7.205742796,-6.012002037,-3.746886146,5.186499415,-1.251675793,0.018932614,-1.463168803,4.157482912,-6.325917549,3.604122198,-3.393682074,-1.014302836,2.426668258,-3.576135947,0.315205852,-4.743917622,-4.88934581,6.053767624,-4.073278486,-0.831915755,-2.178260356,-1.970554433,-3.277466902,-1.356962115,3.04721914,-1.621880031,0.125795544,-3.803398358,0.115151981,0.211139351,-2.327888908,-1.528425795,-0.779645346,-2.469836064,3.721483913,6.177957306,-2.399217575,-1.652239549,-4.122451498,-2.655983892,1.997473127,2.224343637,1.165126245,-3.254735926,-4.988272471,-2.829514378,1.038899801,-1.580978351,-5.265072132,1.77912849,1.754188882,-0.180892487,-1.617883337,2.461985835,1.696851251,6.84616094,-4.257326274,2.951238032,2.842730478,5.111193466,6.021677833,5.962873827,-2.537039307,6.486780171,2.0651467,3.36908404,-3.198436825,-3.513814488,1.633747223,-0.624317492,3.370633107,4.921137041,-2.976465343,-4.160141803,3.29229438,0.707962661,6.393744492,3.275539377,-3.602779272,-1.513703884,-0.930749442,1.552243567,0.010766657,2.753448073,1.264172936,5.666253805,-0.01805209,-1.734919649,1.863665094,-3.428945456,2.597888785,-2.408794478,-2.47687309,-0.650093114,-4.421100171,1.060030929,-2.747815063,-0.200374709,-2.577621648,0.552392617,-2.968084248,2.913632333,-5.257008807,-6.212011958
sample4,group1,0.611689014,0.94260961,-0.848125869,1.745531516,4.164691463,-3.344099153,2.146687507,1.03149158,5.766315405,6.155517758,3.817788247,-3.85325157,0.273937958,0.167330379,-0.318487875,3.467630158,1.05437419,-3.322744171,0.948969589,-2.777222263,7.146247679,7.17379244,-0.742881637,4.566556729,-2.733946608,-2.943549077,2.412690028,-1.369561173,0.026293719,4.188425259,1.41903717,7.231207409,-2.560136081,-4.004177385,6.985728019,-0.338314732,0.465497035,-0.979681764,7.290232231,-1.674940871,1.229768796,7.07173828,-5.051504192,1.141240573,-4.517770536,0.816232324,-0.322958141,-3.275024415,1.94059707,5.501148169,0.62634862,6.485885008,-3.422279844,-4.33843118,0.125687683,-0.84396279,-2.174627069,-0.525837761,0.544723872,-4.263984776,-0.258669651,7.338946512,-3.311530694,-1.397351224,6.471877105,0.837787628,6.024915744,7.484123874,-5.813486704,-3.693377574,4.56085897,-1.28204733,-0.475643584,-1.408224178,4.368837186,-5.96101541,3.086102196,-3.668317411,-1.190907279,3.349337126,-2.734034153,1.097901737,-4.001224284,-4.760272904,5.965235404,-4.008936142,-0.925429096,-2.164592382,-2.334111841,-4.035231822,-1.336701899,2.735172576,-1.238860024,0.268775571,-3.77911787,0.1534012,0.41520362,-1.985975279,-1.498847908,-0.823069603,-1.209821449,3.414070206,6.460118406,-2.864947295,0.33048486,-4.548695862,-3.166895072,1.911096164,1.30850967,2.20060453,-3.516414701,-5.099420975,-1.946589212,0.887692769,-1.684594989,-5.493261722,1.804534296,1.823009525,-0.554810513,-1.586232887,1.684290835,1.700072236,6.959992472,-4.588823184,2.568912989,2.969286701,5.242773908,5.620172757,5.548522773,-2.156913838,6.584190515,1.670293843,3.3162699,-3.826495847,-3.325643664,1.704683773,-0.807636219,2.888884436,4.900876333,-2.718924069,-4.666060639,3.353240705,0.273426361,6.598339504,3.303051165,-3.960913051,-1.714598793,-0.704335052,1.061289239,-0.087382657,2.591797649,1.207109546,5.555020649,2.80E-11,-1.641569189,1.724055772,-3.200673584,2.984774119,-2.480721015,-4.585186202,-0.154180329,-5.47588142,1.292536544,-3.264174409,-1.447180276,-2.815338062,-0.084066107,-2.401516752,2.994421397,-5.395307525,-6.262089746
sample5,group1,1.01094262,1.299945254,-0.709200092,1.440749603,3.104006661,-2.940252607,3.300854452,1.772550645,4.967163265,5.152731466,4.099826772,-2.88847442,0.719381471,0.678190284,-1.402406368,3.573824756,1.037247282,-4.128362787,0.489382901,-2.384386541,7.211065519,7.456325361,-0.857224424,4.438931117,-2.504759139,-2.051061107,2.592633682,-1.606605673,0.270771617,4.373466703,0.924990972,7.374001559,-2.133169457,-3.882587725,6.999653175,-1.234513154,0.54662199,-2.063734505,7.375172298,-0.795025062,2.09291522,6.849825192,-4.818621986,1.424917935,-4.150198588,0.182002292,2.80E-11,-3.445365195,2.029109923,5.179964027,0.271666389,5.671053289,-4.378207165,-3.783948766,-0.851559446,-1.641416454,-2.501447442,-1.357760574,0.954517199,-3.598515041,-1.307778407,7.630579923,-4.664322803,-1.775681852,6.085400752,-0.844612675,5.431560336,7.763144368,-5.944879582,-3.496094576,3.533476455,-1.093796414,-0.678985629,-0.651391531,2.789730096,-5.552094935,0.979259527,-4.197970608,-1.656879453,1.729997132,-3.33059274,-0.410218752,-3.819621445,-3.896492695,4.645366106,-3.085132456,-0.619085601,-2.350000785,-2.673949643,-1.92044984,-1.81273313,0.660122406,0.245811013,-1.226185677,-6.088064712,1.033360569,0.525261906,-0.097305023,0.854992943,1.603699063,-1.153837422,4.537219401,4.578349605,-1.975879915,-1.348805465,-3.779323179,-3.087914316,1.669682712,0.583533815,0.86666066,-3.318180095,-7.502298809,-2.860499117,1.031746669,-1.476504236,-5.26564958,2.791390562,2.694236071,-0.571496624,-0.435827359,6.386550691,2.77089298,7.424897692,-4.492105361,3.236512058,1.612681696,3.904776583,6.279058275,6.195040424,-2.155630703,5.600469351,4.44091914,3.28667803,-4.045350348,-1.53227224,1.163941062,-0.308085205,7.023284633,5.014988939,-3.500194991,-2.901510315,3.810953463,1.265667419,6.978719968,3.790636681,-2.79908518,-1.010642786,-0.871468764,0.71567279,0.287460561,2.778149791,1.566577163,5.532670562,-0.393263695,-0.150522768,1.404005672,-2.774046245,2.454973435,-1.780691056,-3.833686828,-2.417104236,-4.265990151,1.124968358,-2.990155825,-1.017292068,-0.478636332,0.168504191,-1.924442464,2.33670958,-5.233992538,-6.897679109
sample6,group1,1.260865359,1.561743235,-0.270645212,1.459311791,3.242265042,-2.828774176,3.343669284,1.47124286,5.596790215,6.411509448,3.624269419,-2.945648741,0.369078225,0.706930086,-0.603712499,3.496326192,1.071143728,-3.405513145,0.328741872,-2.854487901,7.281389834,7.368326943,-0.801538413,4.805188196,-3.104946384,-3.035880052,2.934019395,-1.300770537,0.509038745,4.465199136,0.871788319,7.393632243,-1.637972553,-3.513661949,7.129573451,-0.34089813,0.653951792,-1.598384976,7.310309561,-1.046869925,1.852349716,6.966605495,-4.605021814,1.766810382,-4.116396142,0.327268282,2.80E-11,-3.160847096,2.345754703,5.641264045,0.797112324,6.534821125,-3.410202773,-3.94420705,-0.014329831,-1.196583199,-2.180334616,-1.979388658,1.027082497,-3.563081891,-1.241012184,7.483604022,-3.389650088,-1.60762124,6.631378496,0.800633498,5.792595924,7.576283706,-6.424363616,-3.262106076,4.625481693,-1.221060009,-0.176546334,-1.342416536,3.500187275,-5.665313378,3.043138158,-3.780070319,-1.312738567,2.263754722,-3.263471822,0.163944789,-3.594399374,-3.778322407,5.89763751,-2.921106974,-0.535954424,-1.872747694,-1.76775167,-2.895749028,-1.232698951,2.737891676,-1.787962238,-0.244609996,-4.247380916,0.459407109,0.477323571,-2.254081532,-1.714898137,-1.099865223,-1.794961724,3.64283374,5.895098539,-1.406167985,-1.681725127,-4.060972104,-3.229078015,1.967317918,2.039670647,1.325930606,-3.26404726,-5.739794104,-2.711803856,1.22773069,-0.994095853,-4.0768081,2.380335462,2.33710886,-0.149472396,-1.076618558,2.343459026,2.153304081,7.232496599,-3.995722679,3.237679471,2.715294726,5.044288817,6.324420593,6.25230425,-2.084378833,6.655485761,2.260419966,3.590848624,-3.489404424,-3.540162671,1.510043512,-0.221889503,3.190943974,5.380964246,-2.822721347,-4.328563523,3.231860974,0.716719445,6.585973384,3.190032592,-3.377301918,-1.247185365,-0.500168181,1.403937521,0.404543021,2.96861292,1.472843687,6.07743111,0.204856355,-1.996768409,2.180402964,-3.598112877,2.596100351,-1.950966588,-4.347495806,-0.812229071,-4.253510045,2.436367551,-2.438624648,-0.23918128,-1.92864243,0.826535423,-2.062316436,2.90315128,-4.948478607,-6.135617411
sample7,group1,1.598586803,1.876941049,-0.257870682,3.016384907,3.729481947,-2.094936967,3.080833889,2.347351381,5.069259456,3.652805077,5.327722622,-2.12268294,1.307349196,1.193831478,-2.854079312,3.745541096,1.39106718,-3.011800586,0.279768487,-2.763879774,7.201625765,7.446250211,-0.975962419,6.270365862,-2.801848339,-5.422473228,3.161553631,-1.270106342,1.427181686,4.789585683,2.350330869,7.310610805,-2.174011387,-2.808247089,7.032243412,-1.136411566,-0.284175648,-1.740798715,7.279949451,-0.655127689,2.416318039,7.147840626,-3.852596286,1.897420255,-4.157860053,0.110257898,1.270791264,-2.720836281,2.867917547,5.346303302,0.434357518,5.937065539,-4.132582043,-4.06444249,-0.531991436,-1.196772172,-2.282417862,0.253511893,1.179382023,-2.362185635,-2.875466592,7.537425331,-5.019844279,-2.262398381,5.783219075,0.193734867,5.411381625,7.598581794,-5.708298611,-3.304472522,2.443694573,-1.588977652,-0.602803657,0.285303656,0.143057281,-5.610579839,1.781429886,-5.236614134,-2.269116812,0.063085014,-2.72172113,-1.702430089,-2.202682412,-4.863009579,5.161632355,-2.907383982,-0.266826375,-1.618943659,-1.86071451,-1.200631028,-2.16697609,2.027106299,-2.649421504,-1.721174542,-6.810016916,0.148365431,-0.18200314,-1.379824012,-1.685270753,-0.959890881,0.948289803,2.821393182,5.627992744,-0.587624847,-2.129850427,-6.780215365,-3.793397056,1.497075192,1.359892357,2.247179991,-3.733588772,-6.057723266,-1.958187717,1.191918753,0.284765996,-3.773831842,4.009434097,3.971848576,-1.862980891,0.40752172,-0.138999205,3.580520544,7.467971518,-4.06365038,4.065112149,2.887869742,5.089358202,6.945795162,6.910721235,-2.069005585,6.400016709,3.087180064,4.064223504,-3.829633938,-3.938570509,2.80E-11,-0.578850612,0.982366596,5.488317505,-2.536357596,-5.925678901,2.631437954,-0.989485664,6.139199266,2.599498693,-4.957697061,-3.06602802,-0.694105816,-4.159974925,-0.637732512,2.629867811,1.461316778,5.993411094,1.081078274,-2.670723462,0.995545508,-3.875814155,1.925477981,-4.300190015,-6.429259043,-4.740851455,-5.775884499,1.407450311,-2.713311009,1.391789257,1.642137366,3.303005342,-0.811235527,1.997418703,-3.4286642,-6.725735476
sample8,group2,1.061324446,1.325407518,-0.050951983,1.616724919,3.870237633,-2.190555273,2.321481114,2.316189922,4.615796313,5.077235073,4.336022694,-1.789694408,0.805712855,1.131451284,-0.69153617,3.904283164,1.667872087,-2.043359573,1.118724031,-2.056408212,7.741081121,8.258904978,-0.442873444,5.697633047,-2.220016577,-4.560955604,3.628321151,-1.498145231,1.127949031,4.797073571,1.220969541,7.929519627,-1.960021851,-2.865074511,7.40213602,-0.772121659,0.473960982,-1.489552332,7.981752449,-0.835736154,2.646943453,6.888927093,-3.565018594,1.822637317,-3.600892581,0.767112905,0.678297492,-2.951077029,3.478591877,5.766881952,0.935743019,6.183237331,-4.009398503,-3.601761832,-0.336005527,-1.285933203,-1.805679974,-0.486599015,2.083779376,-2.940371956,-0.64644401,8.227160343,-4.659236002,-1.427168351,6.924514555,-0.575119684,5.791669737,8.339699725,-5.418450619,-2.630922377,3.836714251,0.192303049,0.616341868,-1.235515508,1.517104169,-5.102784729,0.301960258,-3.483291249,-1.214754057,1.451987351,-2.523246859,-0.34142181,-3.370552226,-0.744212663,5.079963251,-4.026337458,0.234248943,-1.899023086,-2.026162419,-1.76134959,-2.168686498,-0.117782852,-4.031950154,-2.020339692,-4.883982951,1.680100025,1.268692062,-2.015003461,-2.512254531,-2.250705481,-0.251660186,3.922054336,2.616260107,-1.619037732,-2.254323056,-3.207392165,-2.228718425,2.793318817,0.571020065,1.382440988,-2.920823388,-6.041589202,-2.801479694,1.841833147,-1.51066186,-4.476578787,3.573000164,3.499834016,-0.98685326,2.80E-11,-2.481850237,3.113265203,7.895066668,-4.897581355,3.193300928,1.193080107,3.543553768,6.191507346,6.123312877,-0.500433183,5.732025357,2.943020069,4.324711446,-3.957071149,-2.914005704,1.212686986,0.12917415,-2.729507721,6.044071791,-3.148667842,-4.43632662,3.172010038,-0.447319649,6.592526949,3.144559742,-3.320897125,-2.300854438,-0.033781932,2.040517936,1.94893301,3.345477053,1.832934745,6.673326356,0.361839365,-3.361690435,2.509778816,-4.365523855,2.280483246,-0.381146799,-2.105617803,-1.359189462,-6.063455835,2.085542133,-3.470373648,0.413708327,-5.266815148,0.869995674,-1.758972067,2.792121929,-4.917356387,-6.944004557
sample9,group2,1.594391585,1.804170837,0.330418154,1.753764055,3.657588928,-2.21429808,2.314642502,2.149962372,4.914564181,4.000331706,5.868709468,-1.655010165,1.768772885,0.872637785,-1.554977458,4.198267793,1.932626878,-1.974704719,0.959965788,-2.004428171,7.523520911,7.97358751,-0.555521613,5.848314588,-2.326108649,-5.794685128,3.52343412,-1.458037985,1.000504892,5.092614005,1.795119533,7.648783723,-1.733811981,-2.882737033,7.272691454,-0.936983488,0.41081474,-1.726663461,7.644536799,-1.284319022,2.883405549,7.564467549,-4.005959832,1.658493,-3.571892393,1.387709139,0.994113403,-2.662983715,2.831517154,5.979250405,1.108020527,6.291807845,-3.868653005,-3.750819729,2.80E-11,-1.445116547,-1.80425543,1.455355418,1.616309779,-3.114318097,0.193027971,7.993601205,-4.955296438,-1.84665092,7.368902412,-0.431719372,6.216291069,8.088272728,-4.953556784,-2.476124843,3.572526754,-0.604911856,0.078796087,-1.356245259,1.461688492,-4.924639953,-0.454081745,-2.978104959,-0.592658693,1.124775084,-3.851380868,-0.399093736,-3.342065197,-0.450044343,5.140102468,-3.874401783,0.190699593,-1.737848644,-2.110193961,-3.536174097,-2.633995158,0.935284736,-4.212008573,-2.23834793,-6.04655019,0.69895941,0.814700885,-1.873784751,-3.100873287,-0.214779857,2.833872078,4.087849611,3.291045221,-2.191872584,-0.082220582,-3.027209711,-1.984219022,3.234627049,0.458200778,1.511951066,-2.685907997,-6.55425199,-2.204230673,1.521926552,-1.887960741,-3.909552607,3.388930885,3.386869393,-2.004653315,-0.043840851,-3.392906684,3.041885741,7.652068328,-5.728335642,3.08474461,1.628479694,3.857802983,6.196789055,6.115302082,-1.969729221,5.629067772,2.476993503,4.301266299,-4.722694948,-3.424969217,0.7271559,-0.151065756,-2.828243269,5.51571664,-2.610709218,-4.085455531,4.991773113,-0.097315469,7.656041826,4.959617456,-3.477874168,-2.253036851,-0.546446272,-0.874998509,0.647907396,2.889465334,1.371800951,5.890841474,-0.346724091,-4.406050702,1.685918402,-4.826809395,2.404910852,-1.787306875,-3.489170776,-3.637971157,-6.868816561,0.4981887,-3.936102893,0.001727121,-4.79655518,0.205762444,-1.563575978,2.601710678,-4.097507552,-7.498398087
sample10,group2,1.647984188,1.88779843,0.514625536,1.559003163,3.575631145,-1.695449963,2.800499589,2.421807109,4.53074669,4.314895778,5.511135412,-1.562307385,1.96371375,1.437639894,-1.416588099,4.353090874,1.957051244,-2.256912875,0.73700685,-1.850070746,7.777915297,8.416356583,-0.39723294,6.13077134,-1.909395933,-6.441626848,4.009025348,-1.514375971,1.256250816,5.475032041,1.43731767,7.98549471,-2.118940576,-2.401250892,7.408249675,-0.844105001,0.84095201,-1.636687845,8.022652248,-0.623891314,2.970033795,6.995245933,-4.078099478,1.992718115,-3.278768833,1.158136475,0.940903981,-2.263069315,3.030463812,5.744997945,0.905932914,5.964060253,-4.020052948,-2.851158081,-0.302897622,-0.911752377,-1.850700156,-0.06976506,1.938571169,-2.931681786,-0.483276741,8.446841368,-4.634666245,-2.306131113,7.330511154,-0.759229939,5.724801885,8.467784703,-5.547481631,-2.515010739,2.740874116,-0.86991429,-1.663531079,-1.014752998,0.939092656,-4.60192946,-0.69037104,-3.605594809,-1.342085639,1.050754652,-3.056024449,-0.563878118,-3.022629656,-0.832444789,4.807836546,-3.380693521,0.269370284,-1.615917302,-1.844589332,-1.170512234,-2.775218036,0.118833646,-4.709496914,-1.79418927,-6.538603299,0.756430566,2.019179235,-1.390935592,-3.095626132,-2.838050353,2.000095204,4.511743829,1.8182287,-1.558376333,-1.64420731,-3.009408549,-2.631811291,2.934620786,0.276462096,1.024965126,-2.360669448,-7.861267884,-3.273695682,1.878541419,-0.696683915,-3.994535922,3.840172237,3.784490372,-1.548316827,0.340985973,-2.650819145,3.445667832,8.144079088,-4.495730058,3.582189564,1.046481884,3.28175654,6.61940864,6.556564404,-0.735469497,5.069544019,2.813421826,4.571699617,-4.58965113,-3.727250186,0.448744763,0.960386343,-2.627980734,5.867540316,-3.228525161,-4.410585479,4.563429175,-0.368432702,7.826441462,4.529456213,-3.881941059,-1.886216761,-0.207466782,2.80E-11,0.792441605,3.669671966,2.471597035,6.27317272,0.263830227,-5.244678212,2.408619549,-4.345912354,1.902295342,-1.480905217,-4.419047057,-3.659715747,-6.490726687,0.545623364,-2.797108981,0.318499728,-4.055496661,1.244290851,-0.912946982,2.406798404,-4.405195998,-7.608106985
sample11,group2,0.233524778,0.470947845,-0.586335358,1.89511816,3.983246401,-2.942266595,2.087836492,1.315281057,5.401120475,4.303124715,4.199898698,-1.869582634,0.514301161,0.148003679,-1.503663542,2.932066153,0.806101755,-2.103388456,2.680054899,-3.697026744,6.623540149,6.784378171,-1.500451263,5.848203005,-3.595082012,-6.513707724,2.579882055,-1.342649443,0.243727662,4.51863252,1.419771684,6.696153361,-3.038700531,-3.115549223,6.470551788,-0.745523633,0.041329423,-1.299304255,6.842902348,-2.17569783,2.865402976,6.278025883,-4.628876779,1.095273176,-4.83440291,1.827117833,0.875621051,-2.604277536,1.88657809,5.613439328,0.715191478,6.020295651,-3.90832979,-4.139100968,-0.26168983,-2.052727464,-2.620791395,1.363280418,0.63676874,-3.572361008,1.012959154,7.065733245,-3.723501313,-1.885185339,6.541010403,0.066564674,6.256909906,7.193493706,-5.830486273,-3.818384425,4.344273279,-0.240266064,0.95877072,-0.752793588,2.175172971,-5.31145005,1.672869824,-2.439792893,2.80E-11,1.700361919,-4.349876808,0.108785562,-4.262101892,-1.41175188,5.405533735,-5.014536337,-1.018867296,-2.608133853,-2.869313548,-3.61239074,-2.170118939,2.659208495,-3.676354599,-1.613667259,-6.272975779,-0.11338075,0.060523114,-1.73153284,-3.003352167,-2.745161506,2.705108264,4.137035149,6.263277405,-2.421134869,-1.478354874,-1.899217852,-2.232244982,3.482024482,0.886985656,1.827227136,-2.446173261,-5.871862798,-2.197848699,0.879175443,-2.489684728,-3.682329802,2.764740778,2.784888981,-1.414379776,-0.737217637,-3.610530553,2.417500883,6.597870565,-6.340198435,2.392971407,2.309463192,4.49164972,5.544106271,5.469327284,-2.359040963,6.164264375,2.127921462,3.155237646,-4.71161763,-3.684032544,0.596898706,0.100466214,-3.374105699,4.927803467,-3.572828297,-4.64782851,4.271455243,0.539569567,6.593630566,4.231769094,-3.315354546,-1.572813696,-1.438129031,-2.02267254,-1.198704885,2.765275242,1.222771805,5.282289389,-0.792387676,-4.275350743,1.225375712,-4.170759848,2.85435255,-5.838049199,-4.360023586,-4.054521043,-6.890381102,1.312905743,-2.133295354,-1.080947942,-4.549244939,0.062992593,-2.397480394,2.440156387,-3.595794132,-8.214930466
sample12,group2,2.134799286,2.373118406,0.31733296,2.342838964,4.303249811,-1.483756041,3.932227537,2.427912814,5.09988243,4.929188702,6.097198808,-0.86615808,2.413414404,1.856091502,-1.499582473,5.044951695,2.54099761,-1.799256391,1.951419128,-1.243064716,8.307164636,8.96917884,0.360938564,6.534174168,-1.236559258,-3.123748835,4.481931011,-1.072459132,1.568611755,5.757258444,2.066353568,8.543641461,-2.171409921,-2.161389685,7.926284427,-0.572113663,1.018427825,-1.385500497,8.492577908,-0.540546794,3.177855604,7.960176158,-3.129556125,2.703913482,-2.864514179,1.239335742,1.380570619,-2.322379348,3.417996098,5.957377895,1.116653103,6.352327883,-3.838463378,-2.753380385,2.80E-11,-0.561140673,-1.407505805,1.274362412,2.463238983,-2.285559547,-0.192448335,9.038575482,-4.619228733,-1.781922318,7.378942307,-0.117217698,5.811150637,8.967441835,-4.978550893,-2.541687058,4.799268669,-0.18554541,-0.934951069,-1.693398282,-0.864341247,-4.556418477,-1.401031941,-3.801572374,-1.779719169,1.557819808,-2.686579188,-0.342170863,-3.33035894,-0.147198478,5.2206668,-3.555301419,0.718977551,-0.752299971,-0.935632217,-3.26042465,-2.613404376,-0.043903689,-3.595783892,-1.947352796,-4.57441023,0.998800303,0.965697275,-1.391780258,-1.946437264,-1.347418239,1.699346965,3.963039619,2.248729672,-1.196660427,-1.753140224,-3.5952098,-2.360651281,2.855914389,0.357254274,1.782555178,-2.64885755,-8.26133252,-2.328687913,1.965679036,-0.927253779,-3.423850566,4.428937349,4.385884763,-1.50739249,0.864926071,-1.926531438,3.981443494,8.691653929,-4.338503006,4.061585929,1.665582252,4.036123948,7.105933074,7.032474642,-0.983190795,5.527878388,3.451643369,4.998850805,-3.758192043,-2.731293428,1.558392368,0.482564232,-2.579937004,5.84230078,-1.692169999,-4.024185558,3.409607153,-0.736625268,6.886775256,3.398530134,-3.829320579,-1.999192844,-0.232926742,-0.239696162,0.476825357,3.207211752,2.012872373,6.306817703,1.166273978,-4.695934904,1.405077157,-5.004233053,2.051404585,-1.489212232,-3.936859089,-28.55456015,-5.861404456,1.696807414,-2.263956064,0.698286313,-4.829995823,1.695202339,-0.911266582,2.923546445,-4.625662818,-7.885065663
sample13,group3,-0.390850529,-0.123068077,0.164918459,1.656098359,5.363496053,-3.998115769,0.600863175,0.150757228,5.453792339,5.939793934,2.441744332,-3.165538646,-1.16265868,-0.907944557,0.639262563,3.420039615,1.449413505,-3.930779625,2.559536231,-3.817846195,6.029490833,5.981845288,-0.987960002,1.976526333,-3.828738301,-2.695686169,1.431166419,-1.132046311,-0.84590396,3.387980901,2.222216612,6.036395703,-2.261603697,-4.539615907,5.843262587,0.278520773,-0.84228909,-0.647497991,6.201912076,-3.200127918,2.115747742,6.100944648,-5.442324186,0.40015844,-5.145963405,2.671757967,-1.225163689,-2.165795739,1.382104894,5.47561855,1.414324479,5.564830831,-3.529151366,-4.072738364,-0.119616279,-2.277642213,-2.211583236,1.155745407,-0.533264114,-4.702987721,1.342026482,6.241372107,-2.709166162,-0.604617472,5.53459465,0.700024703,5.617261823,6.711848918,-6.372838946,-4.049103147,5.037058002,1.244566719,1.736216948,0.126556921,5.962288572,-5.746418231,2.382875691,-3.312390526,-1.314961121,5.054654908,-5.500303623,2.766314431,-4.88305783,-5.541393831,5.254988953,-5.47739058,-2.081303937,-3.204372139,-3.198999902,-4.670939009,-3.599874638,-0.529501856,-2.746546488,-1.773569855,-3.919092451,1.406229727,0.774190297,-2.030724054,-1.076416255,-0.44695502,1.82611234,4.869656955,4.296637296,-3.458160653,4.629565328,-1.947321324,-0.517503924,3.203201177,1.368441861,1.177715878,-2.284272684,-6.957914275,-2.20794797,0.730555562,-4.406410973,-5.408669354,2.243618099,2.211390616,0.306746851,-1.299464784,-1.770289773,1.874476808,5.018883903,-4.997200429,-0.406136163,2.285366187,4.536147386,2.639160513,2.557383296,-2.654112489,5.584260685,5.381932285,2.841884214,-4.470780671,-2.61940964,1.464433866,0.2821582,0.408029177,4.615252175,-2.371299465,-5.229488675,5.082742775,0.045370376,6.285030838,5.052280636,-3.602424301,-1.508043645,-1.657284827,1.516950406,-0.63322463,3.790548702,1.885808853,5.22880774,-1.005853769,0.090749292,2.558125235,-1.305744536,3.785193541,-3.20316541,-2.82364895,-0.584212334,-3.925338699,-2.246531151,-1.315334542,2.80E-11,-3.235284221,0.140904543,-3.298659077,3.741905152,-2.836318462,-7.847271435
sample14,group3,-0.216976861,0.025937386,0.000323511,1.925695529,5.456794931,-3.97406509,0.861289114,0.190139519,5.585736774,5.815336761,2.553565733,-2.831763093,-1.061816578,-0.800802823,0.682292379,4.191472414,2.35078067,-3.398174631,2.936314902,-3.480760636,6.000970039,5.889538769,-1.342385156,1.245054636,-3.306018242,-3.684847397,1.199357894,-0.890371501,-0.973191458,3.626344401,2.205810297,6.019856698,-2.487265645,-4.372423082,5.862621988,2.80E-11,-1.087719111,0.174210407,6.170956747,-3.29295263,2.317878074,5.991840933,-5.020444213,0.288551745,-4.783974452,2.948226645,-1.294173294,-1.94426506,1.038024411,5.245663301,0.906425253,5.535430567,-3.3102745,-3.272705932,0.081911575,-2.239262046,-2.286537924,1.787932903,-0.40473518,-4.039479769,1.61028488,6.240407691,-2.379021805,-0.56650491,5.558356835,1.488693086,5.526590273,6.447306756,-6.224278329,-4.170215709,4.951593191,1.319486787,1.29859619,0.635708243,5.694186086,-4.933217866,2.940429897,-2.535603542,-0.474463932,5.225434632,-5.113548144,3.315597469,-5.063833675,-5.281723991,5.383150859,-5.650445728,-2.104258302,-3.608681847,-4.04014497,-3.912934355,-3.097492199,-0.027488757,-2.773670083,-1.664087332,-3.397774952,1.138439393,1.433950773,-0.711152347,-1.219591066,-0.798954557,1.470015304,5.273185793,5.552577111,-3.797653384,3.285310116,-1.936407066,0.076576044,3.609973551,1.708137808,2.408595796,-1.936174888,-5.834933763,-1.442960005,1.057942652,-5.173131138,-6.063833581,0.976171436,0.963809234,0.327595709,-2.520716661,-3.767701607,0.676822358,3.826839791,-5.790325425,-1.673095341,2.775679067,4.918262331,1.559742571,1.518399602,-2.915182529,5.603736579,3.291239329,2.572527905,-4.689307736,-1.197005467,2.755873816,0.807432557,-0.034684349,4.683763953,-2.251451021,-2.814002935,4.81299216,-0.634053759,6.079568458,4.789776985,-4.674579279,-2.332866429,-1.929977959,1.921341046,-0.54011737,4.122768859,2.267335738,5.115797375,-1.312250415,-0.848355886,2.883061261,-1.344341388,4.052095996,-3.324257997,-2.814660786,-0.494287837,-4.09243836,-3.067728077,-1.745121946,-1.768958803,-4.456000526,0.147430551,-2.81877471,3.7728801,-2.730486467,-8.298335971
sample15,group3,0.164446816,0.446768976,0.182642777,2.100325375,5.860836132,-3.566038187,1.045122409,0.521062895,5.796856585,6.303865825,3.216816631,-2.636365552,-0.188344475,-0.473771774,0.618310587,3.866715471,2.015400583,-3.746626321,2.489357494,-3.045143915,6.517965292,6.526052459,-0.775829176,4.468064181,-2.937659319,-2.378311206,1.883820718,-0.308334471,-0.393039285,3.780256008,1.999788687,6.548762375,-1.860393815,-4.443370165,6.334775065,0.200293359,0.494783777,-0.613229509,6.685275048,-2.897279464,2.817081418,6.528553319,-4.676146943,0.571712856,-4.741503189,2.893630119,-0.893581071,-2.001139444,1.94471611,5.880037936,1.507667569,5.939021114,-3.684660892,-3.020865363,-0.213421779,-1.756750638,-2.224434395,0.803104894,-0.015062367,-4.189941271,1.60270789,6.727514395,-2.881296403,2.80E-11,5.981671734,0.8867176,5.953918578,6.920242755,-5.758833006,-3.841808109,5.272651054,1.216981119,1.591369016,-0.262116258,6.286825027,-5.803540428,2.711009125,-2.928039779,-0.843222649,4.396238295,-4.385022977,2.043499746,-4.802753947,-5.466674075,5.619686966,-5.10812402,-1.571039989,-2.91766261,-3.05926535,-4.609392928,-2.146473461,-0.247918961,-2.321843578,-1.465617768,-3.437646141,0.94294502,0.909267779,-1.9523813,-1.574008671,-0.870858775,0.579355926,5.015627289,5.828490655,-3.301066618,3.273559786,-1.654534439,-0.393552029,3.173698375,1.231899028,1.099563041,-2.259252111,-6.643288537,-2.889235982,0.899693388,-3.966248201,-5.92421586,1.871942679,1.862763994,0.041797062,-1.621676312,-3.273678696,1.604395171,5.782828645,-4.981171,0.470084394,2.422418276,4.676529206,3.556148142,3.47387621,-2.484762901,6.049844677,3.885041353,2.934245325,-4.519603035,-2.283031096,2.197292544,0.21270352,-1.273065785,4.65007672,-2.931843047,-5.187152575,5.423200567,0.378168863,6.707912723,5.400047224,-3.337909884,-1.880481134,-1.537974773,1.324640616,-0.478878208,3.753574699,2.096495557,5.449320212,-0.823722355,-0.119460134,2.982680743,-1.555660326,3.763595247,-2.963577159,-2.401961609,-0.643464839,-4.069838039,-3.138104939,-1.629139176,-2.094824683,-3.368717394,-0.117747264,-3.066226538,4.088498951,-3.199226674,-7.707454505
sample16,group3,0.645390287,0.929776749,-0.518912349,1.655246465,4.738500969,-3.091452685,1.730580037,0.768933331,5.158691079,5.657607567,4.803228102,-3.612743716,0.988061675,-0.048856689,-0.583759855,3.391198813,1.173795964,-3.785756142,0.793141309,-3.111607541,6.904620123,7.056391591,-0.262448645,4.767576624,-3.255389429,-2.243587896,2.460946249,-1.25518131,0.094244536,4.043935403,1.296079603,6.977916507,-2.487118035,-4.358982528,6.721150975,-1.031174485,2.80E-11,-1.686126953,6.969258599,-2.658065818,2.228432857,6.936621902,-5.308586757,1.221001781,-4.569871576,2.263163724,0.946919359,-2.579323974,1.682854035,5.549617579,0.674047088,5.972530844,-3.857155878,-4.58416061,-0.355654265,-1.807971157,-2.297714938,-0.211151739,0.571089858,-4.280189283,0.727806617,7.285403299,-4.011238146,-1.097969693,6.365968572,0.629469222,5.76963326,7.309139366,-5.696318798,-3.775611184,5.071775069,0.987985485,-0.792243882,-1.174212126,4.984032018,-5.673000802,1.769952847,-3.27703068,-1.004249233,2.843881421,-4.884536171,0.682904724,-4.422874344,-5.068305348,5.683036302,-5.080053743,-0.733331673,-1.663063825,-1.813885271,-3.590238077,-2.09472613,2.20777499,-2.406819105,-0.814334919,-4.475951395,0.609870884,0.334596604,-1.967824209,-0.349687094,0.243190979,-0.195306244,3.991657064,6.091489843,-2.696695644,1.048243066,-2.5134593,-1.617979334,2.513087655,0.584815248,1.128014713,-3.25978086,-5.505747199,-2.885437838,0.93969832,-2.490478414,-4.851775174,3.262245654,3.22904667,-1.529377245,-0.268337988,-0.985461372,2.932782009,6.731615852,-4.812863843,2.255457095,2.511129345,4.687585045,5.359618711,5.307213718,-1.950422526,6.444136329,6.463972921,3.807153553,-4.467054199,-2.879266422,1.586710944,-0.115915629,0.100232207,4.826124767,-2.625276707,-5.103042226,4.804132556,0.264260281,6.883454524,4.778729734,-3.345272157,-1.899377447,-1.034028153,-1.710572643,-0.819341598,3.147130193,1.736871432,5.351819339,-0.313901876,0.228323707,1.696102592,-1.611659795,3.310955859,-5.610896139,-3.187679958,-3.114876736,-3.738597832,1.963741465,-1.5802622,-2.216753895,-3.345094955,0.162924238,-2.152187807,3.458681637,-2.887672909,-7.794519111
sample17,group3,0.414523119,0.731823511,-0.889372638,2.398945002,5.870966653,-3.227722095,2.190539037,0.613609071,5.784353955,6.616110168,2.978293398,-2.637915411,-0.405765925,0.008320703,0.155719428,3.20729446,1.051902362,-3.838162793,2.386207301,-3.173429732,6.910564091,6.94343929,-0.517540293,4.476732334,-3.472011715,-2.144559311,2.290162902,-0.675735721,-0.213892122,3.809997412,0.998406485,7.02630247,-1.71219863,-4.025833735,6.751673565,0.433241614,0.249476823,-1.004963392,7.046158822,-2.743353943,2.810093612,6.707504439,-4.075594671,1.339302226,-4.478715776,3.028262965,-0.340138023,-2.004064727,1.746799702,6.115727321,1.451997293,6.21573905,-3.626123129,-3.001051078,-0.22611706,-1.068224306,-2.183467698,0.079784394,0.512189441,-3.745206636,1.593400493,7.187301857,-3.058539812,-0.43775939,6.448266157,0.952883859,6.028568383,7.295200224,-6.023673361,-3.675364751,5.256493299,1.172031001,0.833733623,-1.070185286,5.857481876,-5.866355433,2.285865812,-3.510882286,-1.272909281,3.352502261,-4.551671956,1.054902605,-4.620466951,-4.820945046,5.806151748,-5.022954081,-0.605101595,-1.797380215,-1.856249076,-2.881150034,-2.28948081,-0.194531244,-2.29717925,-1.896406607,-3.799226663,0.786495857,0.45023972,-1.684045576,-1.113740006,-0.401084838,1.840324273,4.580357208,6.109658459,-2.461861325,0.681366774,-2.247411934,-1.496393436,2.736212214,1.201199091,0.73271896,-2.560028846,-6.303498572,-2.941213816,1.029462239,-2.235852319,-4.754953843,3.003005868,2.962892792,-0.244303709,-0.487985052,-1.263107403,2.620550533,6.686534566,-4.486628426,2.379620171,1.999453811,4.302573027,5.394601603,5.320528607,-1.487651594,6.304862259,4.858680273,3.214020471,-4.451237366,-2.773551118,1.242386321,-0.036366224,-0.443027226,4.930266215,-3.721596968,-2.050934995,5.534980782,0.609457646,7.047814963,5.504704265,-2.916996002,-1.896550725,-1.095238174,1.882414896,2.80E-11,3.421510146,1.840809101,5.778569504,-0.365732743,0.02045351,2.374714125,-1.909975474,3.338399326,-2.271400039,-2.83508155,-1.438860892,-3.509370159,-1.452432459,-2.145855808,-0.089313461,-3.517643204,-0.199780572,-2.693100773,3.530962257,-2.840894013,-8.475387065
sample18,group3,0.655697868,0.878106814,-0.461869722,1.347057117,5.336840102,-3.068104935,2.10016233,0.686684654,5.362352045,6.069572421,4.436756123,-2.422003512,0.551502587,0.050003856,-0.562105222,3.122439731,0.861442873,-3.049758822,1.346059734,-3.371483016,6.725842639,6.839971051,-1.169676309,5.946361828,-3.397040863,-4.653521844,2.112511574,-0.740685503,0.087536136,3.976417159,1.544717138,6.75879328,-1.471910057,-4.083469238,6.539694693,-0.019531321,0.103549241,-1.690336992,6.778796555,-1.887662685,2.368678127,6.861575863,-4.74525189,1.359411867,-4.399585336,1.72353973,0.103026579,-2.326001918,1.611388058,5.900546769,1.158006023,5.952592162,-4.01753583,-4.079383816,-0.433530824,-1.384719668,-1.849286857,0.711027103,0.42143691,-3.376231163,0.519642949,6.973849824,-4.278035958,-0.491281752,5.996698608,-0.072640099,5.640789759,7.018706865,-6.334844828,-3.357735471,4.228821514,0.855986677,-0.960950775,-2.227617482,5.8134637,-5.651663686,2.267052148,-4.318636993,-1.72963446,1.194151352,-3.875883289,-0.701762696,-3.447029664,-4.490209058,5.582526453,-4.463233812,-1.076150794,-1.984281507,-2.084429748,-3.518996291,-1.397027896,2.421760488,-2.770133182,-1.705500437,-5.330874971,0.042515564,0.036568846,-2.016120716,-1.623984496,-1.094711586,0.609568709,3.76460173,5.681251759,-2.03178405,1.856009805,-2.477535887,-1.03794966,3.213119451,0.940784301,1.875125341,-2.5120966,-6.702820169,-2.13458593,0.45763555,-2.427344972,-4.717905744,3.26389726,3.264847013,-1.045310158,-0.191945189,-2.293260541,2.950185098,6.526546863,-5.444668235,2.166691105,2.398602362,4.619137082,5.277027374,5.194337258,-2.412899976,6.169138013,3.893516761,3.458918428,-4.58100327,-3.342468183,0.673155125,-0.473543531,-1.544413684,4.920607883,-2.792513594,-2.096174387,5.016832304,0.168574363,6.77250938,4.980472579,-3.364009608,-1.969296411,-0.947704966,2.80E-11,0.028199148,3.098140394,1.352703037,5.389414363,-0.492687823,-0.432633161,2.093617286,-2.217297451,2.917795005,-3.577824112,-2.838836918,-2.757955363,-3.168546648,-0.173892642,-0.937991342,0.333357049,-4.331073245,0.688760781,-1.715995273,3.835443327,-3.473919693,-7.617168452
sample19,group4,0.148901554,0.477548819,-0.964869689,2.436520894,4.834298818,-3.526869668,1.231959267,-0.187278373,5.053119577,4.861152617,2.330056958,0.105234345,-1.471091587,-0.420450164,-0.235665974,2.108830889,2.413295202,-1.606727877,3.110239914,-3.93684075,5.327252788,5.195505465,-1.784489129,5.568918972,-4.271287019,-4.68934065,1.102224481,-0.983032157,-1.290805443,4.550255533,2.703762887,5.326266698,-2.998989935,-2.113592438,5.209256788,0.070393873,-0.350512055,0.817029038,5.590947871,-2.42580639,2.995346973,5.405266262,-4.239262778,1.068460044,-5.734277111,1.600288028,-0.896943125,-2.424911286,0.652864075,4.261511839,-0.404203047,4.906226981,-3.498788136,-4.80260151,-0.03370876,-2.422887147,-3.614476569,2.748166561,-1.195449658,-4.504828536,0.734756438,5.862329367,-2.531775805,-0.321607357,4.934342709,0.550117679,5.071938026,5.864842544,-6.331712221,-4.812868939,4.393784223,1.936902398,0.092872971,2.137339358,4.811431779,-5.35105872,2.824592228,-1.815612574,-0.113880925,4.956743681,-5.156915038,4.347878621,-4.746099287,-3.502371579,4.781889021,-5.776334485,-2.696530599,-3.561112204,-3.932809643,-3.361156964,-3.458347377,2.733907549,-3.794381019,2.80E-11,-3.331697149,0.000334747,0.888152822,-0.581940477,-0.707553818,-0.06128588,3.429700081,4.706411362,4.4344315,-4.316812366,3.292858325,-1.933399711,0.294520233,4.431149885,1.856396671,3.675985726,-0.450598442,-5.777248083,0.102889024,0.660656821,-4.171745497,-3.479549309,3.612520684,3.607789277,0.188551405,0.071775343,-2.651061442,3.242422278,4.508043806,-5.708937275,-0.666085605,3.377963137,4.635825988,2.481266797,2.419399305,-3.572240841,4.934712903,4.3527657,2.301682896,-5.036979717,-1.182608149,2.413930653,0.714919678,-2.204899671,3.9143118,-2.046936033,-4.974827139,4.571703154,-0.211146561,5.51899974,4.546336305,-5.399407686,-1.040424855,-2.116171193,2.199077992,-1.868342889,3.4340705,1.518390886,3.954884531,-1.882717374,-1.692656906,1.405570965,-2.438839973,2.994206891,-4.93879082,-5.959427424,-4.149906181,-5.412123263,-3.638404642,-4.058020876,-2.593039621,-3.943514469,-0.915387657,-2.879965921,2.799295211,-4.900281216,-9.292225794
sample20,group4,0.118888726,0.336691677,-0.515473416,2.987227879,5.393287341,-3.081055318,1.308419159,0.863300988,5.415510701,5.077077619,3.632604235,-0.248499663,-0.387665319,2.80E-11,0.351951716,2.958924054,3.111197991,-1.489347381,3.302000811,-3.339925986,5.788689541,5.791827363,-1.470746206,5.982367732,-3.551992199,-4.667870049,2.348288374,-0.638424959,-0.425791949,4.323217974,2.857351392,5.730229786,-2.412994295,-2.846328992,5.609780256,-0.022902244,-0.89276741,0.688555161,6.102827429,-2.324204795,3.348674022,5.829914739,-3.922314539,0.778886262,-4.939698925,2.074617817,-0.790784126,-1.849818901,1.103396919,5.037054815,0.590568247,5.363777693,-3.685536658,-4.191232661,-0.163379374,-2.242960295,-3.130366765,3.025177711,-0.750730369,-4.002046095,1.107227246,6.378762511,-3.49348421,-0.436761178,5.515978682,0.415218813,5.65492789,6.324290518,-6.168820063,-3.953473489,5.069805709,1.685196032,1.872438109,2.314199463,5.297764842,-4.645683239,1.789969068,-2.018930771,-0.165707172,5.361432786,-4.455201149,4.117188757,-4.608641611,-2.865314179,5.15841901,-5.407413213,-1.71266023,-4.16068464,-3.986122795,-3.062316241,-4.096649202,-1.130059324,-3.425853807,-1.913986587,-3.140930076,0.32327399,1.271736445,-0.696707822,-1.293385715,-0.6649283,2.54196883,5.259659814,4.378591723,-3.682843267,3.160559679,-1.933599348,0.62484479,4.771951252,1.423083966,2.735368017,-0.699782494,-6.564931738,-1.302455169,1.019253694,-4.364758477,-2.981914591,3.891342363,3.896710251,0.123939144,0.372305536,-2.852269363,3.488654863,3.431817409,-6.382514178,-2.227738054,2.672065921,4.761629495,1.138210229,1.087949271,-3.471940099,5.271245247,3.91416726,2.806831823,-4.924655338,-1.286932633,3.611794616,1.191808295,-3.178210242,4.758567969,-2.280771201,-5.014384,5.060639911,-0.009390301,6.084691043,5.035419447,-4.325173702,-1.340147492,-1.686603569,0.987224394,-0.489176078,4.01573916,2.115025496,4.891074523,-1.328246252,-2.17895033,2.789898487,-2.064558672,3.694234876,-3.656821129,-2.279552128,-3.276949666,-5.298286967,-4.009443598,-2.40831749,2.962225669,-2.946427785,-0.012118342,-2.74489579,3.530664086,-3.92931334,-9.323409414
sample21,group4,0.086603221,0.363410098,-0.41083005,2.623933236,5.377595183,-3.423529795,1.188219173,0.765508753,5.650558884,5.605084362,2.778294383,-0.842517828,-0.746356153,-0.250108908,-0.0667358,2.86477527,2.531943975,-1.914387041,2.983601107,-3.451529381,6.188532195,6.243732349,-1.629324608,6.10649935,-3.360419612,-5.088507658,2.669849677,-1.237006199,-0.456780615,4.243729257,1.369695065,6.223719726,-2.834370858,-3.139309711,5.985136339,0.589314586,-0.586540112,2.80E-11,6.545773757,-2.513259574,3.122577874,6.126164889,-4.223825923,0.660595037,-5.100747046,1.986886373,-0.725454395,-2.437479799,0.967944132,5.117569758,0.296626842,5.659395737,-3.877780399,-4.123731563,-0.52262136,-2.518294829,-3.356711147,1.271997212,-0.572881299,-4.303949804,1.079885136,6.656363285,-3.509022914,-1.094128346,5.866499148,0.109168811,5.980642369,6.76031151,-6.161393509,-4.239422778,5.028849241,1.124048501,1.533569569,1.771601524,5.565299972,-5.541787384,1.978812657,-2.772720625,-0.684990006,5.092358947,-5.021843969,2.738762671,-4.784043665,-2.594150901,5.286009563,-5.695506936,-1.916243247,-2.732962883,-2.925789199,-3.581712233,-3.778382526,-1.54940032,-3.783720904,-2.052192193,-3.760578014,0.202121664,0.893413087,-1.244268142,-1.514837184,-0.926151745,0.73726886,5.457550605,3.661245052,-3.676848514,1.659867393,-1.433061849,0.036012839,4.53517442,1.349951278,2.324117812,-0.932699564,-6.881524974,-1.365991618,0.355406927,-3.145724656,-3.135715639,3.75173279,3.771986799,-0.258001615,0.178707772,-2.47616618,3.342205329,5.866554976,-5.503317344,1.192571428,1.653290322,3.916811239,4.249144492,4.182519197,-3.117704012,5.562984245,4.115066555,2.709491154,-4.817068969,-1.048302993,2.802314112,0.421498227,-3.375627481,4.315813876,-3.640574191,-5.138572459,5.273868694,0.303961595,6.53752729,5.248595041,-3.58379798,-1.517019996,-1.910241308,1.789784081,-0.731917236,3.388295584,1.398124276,4.772553006,-1.297377198,-1.497502022,1.871596705,-2.697894393,3.10255016,-3.281348041,-5.920127431,-4.055625604,-5.260184972,-3.554199735,-2.881254019,1.557931783,-2.771325756,-0.687090516,-3.135156712,3.184202202,-4.331453429,-10.76290018
sample22,group4,0.611448215,0.858178488,-0.306268195,2.922193974,4.836126139,-2.9160145,1.499342501,1.153082607,5.308334847,5.193087121,3.732283787,-1.062274404,0.067543269,-0.205564489,-1.061587661,2.8128266,1.82146994,-2.251258941,1.602457295,-3.793306104,6.190125877,6.228817289,-1.783874973,6.109540369,-3.98452125,-5.397627531,2.712140974,-1.989010487,-0.166550076,4.343290029,1.017064776,6.223593621,-3.039726948,-2.989710667,6.007175854,-1.132669043,0.149499256,-0.799437114,6.462494137,-2.468475328,3.052036344,6.145054668,-4.226876848,1.20015411,-4.933162339,1.404839477,0.839164945,-2.65490528,1.28276853,4.636342853,-0.256969518,5.552631758,-4.318090996,-4.895329048,-0.456215291,-2.093738264,-3.499263144,0.219504617,-0.373290542,-4.061191332,0.427199389,6.750534152,-4.294608021,-2.099540033,5.840139048,0.089627774,5.747230493,6.655381279,-5.795046675,-4.032994075,5.40165757,0.522270227,0.977206877,1.169382689,5.026791613,-5.279777034,2.202531357,-3.370824011,-0.981210339,3.657933481,-4.241940963,1.381423523,-4.494898172,-2.690386099,5.189694992,-5.864673613,-2.030027142,-1.229832582,-1.368099062,-3.247469776,-3.057939953,1.364110731,-3.869820534,-0.925509478,-4.984628593,0.117650363,1.016630718,-1.159052443,-1.435273701,-0.86652742,0.394496621,4.446653844,5.684361089,-2.818370694,0.905421924,-2.046141205,-0.917217975,4.215698735,1.393522399,3.683868259,-1.920166883,-5.150211749,-0.401228265,2.80E-11,-1.865414907,-2.925412864,4.749328224,4.727316252,-1.093224483,1.16305436,-1.787956183,4.32318584,6.344529254,-5.500106973,3.028433948,2.795732231,4.900924627,5.802981989,5.779872258,-3.25518759,5.748330241,4.924153196,2.838149519,-3.792695021,-1.828151228,1.734211032,0.058942114,-2.096708756,4.515850061,-3.660661983,-5.215240079,4.959323389,0.009871755,6.358975634,4.928630774,-3.379091627,-1.977252582,-1.506374863,-0.722150172,-0.80532758,3.063646646,1.300483127,4.973941144,-0.061042747,-1.889298924,1.766897751,-3.150332213,2.839625964,-7.477568331,-4.681482684,-3.954716942,-4.27964533,0.749416984,-1.947086468,-1.205282962,-2.653133674,0.176015104,-2.561460864,2.540192018,-4.609184338,-9.750164069
sample23,group4,0.639497961,0.936687471,-1.039070484,3.263951259,5.412489354,-3.103665338,1.837676229,1.147848793,5.882604709,5.758769969,2.669360699,-0.774581616,-0.867822339,0.167009044,-0.190822342,3.170938482,2.412834289,-1.898853276,1.834481351,-3.089415414,6.758304656,6.79116719,-1.361231533,6.440076749,-3.393191418,-5.067980516,3.095231917,-1.53671179,0.024394689,4.291724792,0.943228161,6.799283966,-2.028847143,-2.975840762,6.513525092,-0.441295122,2.80E-11,-0.583101604,7.018570199,-1.973077861,3.540452274,6.392952114,-3.679786762,1.394401815,-4.76885823,2.078348237,0.195214953,-2.216271456,1.244472419,4.940819847,0.088868881,5.944165638,-3.980779092,-3.741343441,-0.538272056,-2.073266601,-3.003642178,-0.30322132,-0.06046476,-3.72205443,1.082642443,7.259188197,-3.905327377,-2.16961426,6.477853711,0.343025949,6.251350144,7.196252274,-5.946756838,-4.060820748,5.778887243,0.901266694,1.600266904,0.716622521,4.257207421,-5.330604819,2.372262443,-3.208456428,-0.930964545,3.304974726,-4.323651107,1.095109104,-4.204740861,-2.623070154,5.471763184,-5.040893215,-1.415944633,-1.875971125,-1.82381763,-1.616994058,-2.90903449,-0.705709565,-3.703086267,-2.289227004,-4.975480057,0.670208562,0.575916656,-1.083961968,-1.481637307,-0.786351712,0.403795756,4.665170118,5.220136591,-2.557600387,-0.424014989,-1.499330702,-0.463546961,4.526689342,1.835528064,3.4473854,-0.864943059,-5.888252873,-0.586203584,0.479321444,-1.436826336,-2.589841233,4.725711528,4.683682062,-0.605398583,1.085648602,-1.440665754,4.253668748,6.813855594,-4.668017543,3.235128362,1.863938562,4.164298315,6.180270449,6.141897178,-2.895134302,6.009699787,4.775518876,3.005688419,-3.431979525,-1.785640156,1.873192573,0.827804817,-2.798998457,4.747564719,-3.759858247,-5.608020738,5.461508281,0.484727234,6.912249424,5.435131775,-3.042991222,-2.071038533,-1.520996531,3.402778283,0.720467844,3.554674916,1.596501484,5.200793496,-0.003259165,-1.606034305,1.606249789,-3.252640116,2.861516568,-1.591851616,-5.218806806,-4.266643887,-4.728320421,-2.941894362,-2.525624218,-0.89847335,-2.921679508,0.129823532,-2.793689741,3.045172311,-3.46557866,-10.71895267
sample24,group4,0.484001828,0.767969875,0.062555617,3.502269018,5.714807987,-3.147241854,2.339987055,0.951852377,5.954468302,6.030438569,2.521256311,-0.600125939,-0.92096873,0.37011013,2.80E-11,3.699230417,3.249079322,-1.592718712,2.345042677,-3.033871615,6.715830744,6.70302977,-1.221001993,6.617050782,-3.335837475,-4.29815015,2.655874931,-1.498168025,-0.182821083,3.894759781,1.039422666,6.758107079,-2.193341704,-3.488033428,6.513929547,-0.013157472,-0.058756615,-0.17578679,6.9986677,-2.175932426,4.230783544,6.337000443,-3.391973665,1.140994118,-4.48364686,2.062884787,0.2642682,-2.052409591,0.846587081,5.119947752,0.246587647,5.927239333,-4.087047473,-3.284034845,-0.504480911,-1.774531026,-2.925568782,-0.084827693,-0.415573984,-3.505443106,1.405034622,7.214097318,-3.681719786,-2.070366408,6.254111482,1.064995172,6.176525622,7.101199128,-5.60936222,-3.515510043,5.810206662,1.257739242,2.010400436,2.00389586,5.071045676,-5.22918398,3.44930804,-3.295194151,-1.009971024,3.407808665,-3.787725594,1.153607297,-4.580171635,-3.042146873,5.844941742,-5.088508899,-1.561884572,-2.042009219,-2.316109644,-3.253795892,-2.089382449,-0.233286887,-3.3549103,-1.419758078,-4.473958233,0.622142395,0.925365721,-0.902133655,-1.272142161,-0.542073271,1.3123532,5.501139368,5.771780799,-2.411249583,-0.044257592,-1.35440964,-0.578502171,5.037396942,2.497521893,4.268076375,-0.207596215,-5.50116551,0.280968556,0.371428457,-2.122537498,-3.047348051,4.394681807,4.368994658,-0.314547048,0.790362191,-1.789738347,3.942034874,6.569330973,-4.144916999,2.555561697,2.378587102,4.693988147,5.636245143,5.556765292,-2.900109431,6.172582127,4.148532496,2.958361892,-4.098944376,-1.44786664,1.998033774,0.910388927,-3.179194218,4.991348484,-4.117141439,-5.888288409,5.576528034,0.354871474,6.931415141,5.546586456,-3.215103615,-1.973219187,-1.28574516,3.152559505,0.879815378,3.643313846,1.902591527,5.508124598,-0.592221928,-1.831545898,2.154826972,-3.184393749,3.012548716,-1.857041235,-2.542128893,-4.214926253,-4.225517011,-3.211206831,-2.379595941,-0.588124585,-3.429911441,-0.196046795,-2.730037901,3.250555607,-2.422289727,-11.68098896
sample25,group5,0.809240851,1.030586208,-0.88329211,1.724965232,2.562603533,-3.814607557,2.071009468,0.979006551,6.078237158,4.874749551,3.735625518,-0.472956503,-0.174239171,0.044200472,-0.565441645,3.616601002,0.952428882,-1.405056488,0.532999434,-3.109264591,6.240712264,5.915466035,-1.233052196,6.036436241,-3.133779135,-8.167933049,1.970775577,-2.346009367,-0.210983344,4.130875326,2.03678298,6.268917339,-3.489449184,-3.304821723,6.147995083,0.76552893,-2.297012357,-1.058397581,6.131102448,-3.461624726,0.687709726,6.077516788,-5.056662071,1.437462256,-4.224065472,1.10813821,0.301911329,-1.988795098,1.263458157,5.6761311,2.554653843,5.746175298,-2.753047994,-4.550545679,0.859095732,-2.36587439,-2.103659875,-0.303947162,0.259946154,-1.934553188,-0.844874006,4.780784721,-3.605339173,-6.062008598,5.971291519,2.185588667,6.0474207,6.734771914,-4.872614685,-3.043844357,5.632231059,-1.4668602,-2.533610705,-1.67808206,1.901310161,-4.883459703,5.332453374,-2.662380745,-0.257216375,-0.072486354,-3.691485308,-0.720911604,-1.349743934,-3.347708788,5.688192521,-2.329916876,-1.181928193,-0.617756445,-0.740160979,-2.968048659,2.80E-11,4.356937526,-4.293903018,0.974563429,-6.361129372,2.377522873,1.381865197,-3.422071695,-2.027234271,3.450098299,3.713866356,5.342427184,5.993263308,-3.062544475,-0.67953236,-2.73726227,-3.083663551,-0.996495276,4.443808111,5.267736768,-2.757071244,-3.836698658,2.076859287,0.216268211,-0.595674777,-4.910853973,1.420080357,1.347078644,1.255203496,-1.133532856,-2.36062162,2.011187002,6.434210841,-4.606152542,4.119919047,5.137447324,5.650556158,6.030346253,6.007635535,-3.611434411,3.700154555,-1.166692903,2.901536576,0.351937526,-3.314892564,1.272765691,-0.724828438,-1.254991813,5.343482361,-3.030899201,-4.356468703,1.915607716,-1.209208853,4.882230566,2.006687093,-5.313802542,-2.302473154,-0.51712843,3.359225254,2.705729564,2.881291992,0.67965182,5.439017487,1.789855483,-3.196658248,3.654869087,-1.330535096,4.444555522,-4.670167498,-0.055592374,-3.322117852,-5.876927136,-3.594839021,-0.872096114,5.340442152,-1.282377123,1.018316756,0.316477147,3.128249002,-0.149439481,-11.68429293
sample26,group5,-0.169001326,0.091877114,-0.18842648,0.885585004,3.287070146,-3.659601465,1.41516322,1.118271514,4.988687825,3.822109074,2.414608067,0.642779126,-1.054567494,0.391656068,0.012615384,3.444897736,0.957516014,-2.171054609,2.80E-11,-3.406252373,6.268643054,6.057199847,-2.045529662,6.366915765,-3.253565367,-7.421861529,1.804336137,-2.345432489,-0.302730099,2.913646377,1.244305577,6.27002249,-3.852577764,-4.353217388,6.125647984,-0.264089946,-2.158813822,-3.667296284,5.575140729,-1.516246882,1.115115138,5.083592926,-4.170114781,1.863246054,-4.495078129,1.831013787,-0.697810162,-2.59557193,1.494369577,5.872849237,2.400537163,5.784979657,-3.414457742,-4.623523316,0.125788901,-2.206718048,-3.016560907,-2.205287874,-0.326735051,-3.320082122,0.469989858,4.000136593,-6.140191849,-5.292641279,5.952336125,0.007539669,5.511695547,6.548772931,-5.654414569,-3.836899846,4.828341215,-1.12381874,-1.265750756,-1.911126437,1.893569859,-5.144884375,4.036860317,-4.358982346,-1.996367207,-0.69761009,-4.322896265,-1.680405504,-3.236949732,-3.092927651,5.581556223,-2.768104066,-1.337969186,-1.454074872,-1.618046836,-2.240413016,0.554448734,0.239816643,-2.886043249,-0.402263264,-6.21740137,0.967491611,1.574534677,-1.086613054,-1.345263718,0.894199663,0.997597336,5.564960351,5.935694716,-2.866119989,-2.233792264,-3.033346498,-3.146143903,-0.048293942,1.350785851,5.40777746,-2.64700595,-4.220700182,1.534938464,0.211362341,-0.441890328,-3.025650316,4.482014822,4.440439846,-0.288768437,0.94115751,-1.281111369,4.105141291,6.558348946,-4.580509631,4.122132646,3.056210422,5.160955041,6.176577363,6.165740796,-3.326033085,5.774617985,2.850817853,2.750235656,0.061598873,-3.352797262,1.098754851,-0.123870437,-0.675764811,5.240074763,-3.570629939,-4.739474905,2.048325553,-1.337505508,5.339922397,2.024950442,-5.710284568,-3.223710909,-0.890439849,1.434729328,2.286337332,2.607506357,1.205144839,5.635715476,2.335440549,-2.578902418,3.96029053,-2.082735686,3.930486666,-2.526443097,-4.753313201,-1.413547474,-6.729958506,-1.983201799,-1.414255413,4.785087038,-1.978532394,0.668994261,1.12772113,2.872054357,0.022075139,-9.534614877
sample27,group5,0.091674252,0.378471642,-0.856872523,2.80E-11,3.772828061,-3.306800479,2.137477009,1.095285712,4.649845407,4.292892432,2.044811826,3.697692842,-0.714652911,0.714222121,-0.065223949,4.234460323,1.684569715,-1.176251506,0.691982576,-3.394203193,6.494541753,6.319734714,-1.769484973,6.603972873,-3.479424499,-7.532476493,1.890257228,-2.54590929,-0.153153139,3.714547718,1.024280482,6.511438232,-3.130959136,-3.561982338,6.365835111,-0.144815647,-1.726334516,-3.713352595,5.432903786,-1.59699282,1.962143996,5.50371635,-3.904884051,2.031672951,-4.537071046,3.285740143,-0.773352808,-1.706502415,1.29624228,5.977847513,2.048379663,5.875658894,-3.549757526,-4.241759858,-0.051053737,-1.594066128,-3.223238966,-1.286117512,0.03352544,-3.170474762,1.940082818,4.714936458,-6.460572299,-5.467504541,6.188550938,0.033382955,5.964911358,6.77566403,-5.606150087,-3.598067803,4.972051113,-0.357020089,-0.503982748,-0.599846123,2.548915894,-4.729282135,4.767231551,-2.888482814,-0.406833451,0.385155189,-3.849556978,-0.582916756,-3.232662998,-3.592373839,5.78187352,-3.111406024,-0.904471046,-0.682353619,-0.848513004,-2.416068631,0.393138204,-0.57430606,-3.211207165,-0.516251968,-5.247572296,0.848176791,2.260264451,-1.042879849,-1.975519148,0.017423589,-0.380197478,6.043132731,6.080877177,-2.363533504,-1.879195684,-2.272178671,-4.029284999,-1.159850479,1.542696268,5.603250524,-2.866882382,-4.389023227,1.65557266,0.366859172,0.317085229,-3.245336724,3.200890876,3.174218237,-0.146875842,-0.072695808,-1.001148382,3.12510845,6.819720262,-4.108016945,4.355541759,3.566285246,5.528252751,6.405428182,6.393186518,-2.229801258,6.049703533,3.975599583,2.942998297,-0.296219896,-2.497195498,1.836703318,-1.083126786,0.194975968,5.405044363,-3.645616538,-4.646786917,2.026089236,-0.354402857,5.420814939,1.985335482,-4.415350364,-2.232118305,-0.853085157,1.588389738,2.390962673,2.575412281,1.050776792,5.813820394,2.809931578,-1.813742456,3.780416659,-2.095466257,3.85114678,-2.54534167,0.109397478,-1.107219259,-5.036139229,-1.230669715,0.039908194,5.999630184,-0.572592295,0.793908901,1.661335192,2.418284117,-1.697512116,-13.46656089